run_id,date,hhmm,scenario,load,rep,checks_passes,checks_fails,checks_value,http_avg_ms,http_min_ms,http_med_ms,http_p90_ms,http_p95_ms,http_max_ms,http_count,http_rate_rps,quality_flags
20260329-0024-B-100-05,20260329,0024,B,100,5,6559,0,1.0,29664.28863332822,11.298,345.862,2425.4550000000004,13535.929099999968,922541.91,6559,2.4268819746625523,high_p95;very_low_rps
20260329-0109-B-300-05,20260329,0109,B,300,5,7797,0,1.0,117918.56120597656,165.564,762.641,647668.5838,942303.2918,1076589.774,7797,2.1307641765838228,high_p95;very_low_rps
20260329-0210-B-500-05,20260329,0210,B,500,5,4672,0,1.0,383949.6844766702,316.194,3582.478,1018864.4933,1019730.7053,1022642.223,4672,1.2770302018891897,high_p95;very_low_rps
20260329-0311-C-100-05,20260329,0311,C,100,5,2413,2,0.9991718426501035,40178.04607908908,187.713,1600.619,7099.6896000000015,14843.813999999998,920172.878,2415,2.4821681247480676,high_p95;very_low_rps
20260329-0327-C-300-05,20260329,0327,C,300,5,4591,0,1.0,120631.44901154397,184.18,2938.131,926903.59,931538.9304999999,937947.66,4591,2.4037358090193273,high_p95;very_low_rps
20260329-0359-C-500-05,20260329,0359,C,500,5,5156,0,1.0,278371.48625833885,333.98,2379.161,1043779.0365,1064212.6445,1065557.8,5156,1.691752248560871,high_p95;very_low_rps
20260329-1606-A-100-01,20260329,1606,A,100,1,20674,0,1.0,193.1680566895621,4.897,96.114,590.72,796.0463,2181.04,20674,338.69394509950376,
20260329-1607-A-300-01,20260329,1607,A,300,1,18410,0,1.0,902.7417079304788,128.344,514.4455,2105.1867,3168.6575,7812.877,18410,294.81842131829603,
20260329-1608-A-500-01,20260329,1608,A,500,1,18443,0,1.0,1600.8200386596536,209.008,1072.339,2967.8564,5037.9668999999885,13400.951,18443,286.8178348906533,
20260329-1610-B-100-01,20260329,1610,B,100,1,20485,0,1.0,195.17702201610996,6.14,96.677,549.5548000000001,885.6233999999998,2695.157,20485,337.0558271399359,
20260329-1611-B-300-01,20260329,1611,B,300,1,18376,0,1.0,896.6408629734391,94.903,543.603,1788.4290000000003,2779.04,10966.771,18376,291.640793386115,
20260329-1612-B-500-01,20260329,1612,B,500,1,18385,0,1.0,1632.1552534675025,268.495,1067.047,3981.2844,5361.4742,17355.048,18385,281.8681321376952,
20260329-1613-C-100-01,20260329,1613,C,100,1,500,55768,0.00888604535437549,6.462851674130947,1.191,3.3345000000000002,8.146300000000002,11.489949999999991,609.084,56268,936.8543548284754,low_success_ratio
20260329-1627-A-100-01,20260329,1627,A,100,1,20280,0,1.0,198.86036143984117,5.76,98.20349999999999,577.7488000000005,840.7411499999993,2669.834,20280,331.5954331656651,
20260329-1628-A-300-01,20260329,1628,A,300,1,18294,0,1.0,902.5452039466479,120.085,538.8924999999999,1926.8385000000003,2969.1623999999993,11210.282,18294,294.3319665897983,
20260329-1629-A-500-01,20260329,1629,A,500,1,18632,0,1.0,1621.867957438807,112.753,1045.1689999999999,3281.3571,5484.848949999998,18003.957,18632,279.8588281040748,
20260329-1630-B-100-01,20260329,1630,B,100,1,20269,0,1.0,198.92065341161464,7.173,100.991,413.5652000000004,798.425,6161.099,20269,329.25266759393685,
20260329-1631-B-300-01,20260329,1631,B,300,1,18612,0,1.0,895.4753891038059,117.239,535.4685,1579.2025,2868.1311999999994,16501.396,18612,291.49547846065013,
20260329-1632-B-500-01,20260329,1632,B,500,1,18627,0,1.0,1584.6293961453841,38.248,1075.645,2745.3702000000008,5967.239099999997,14722.099,18627,289.1891644746412,
20260329-1634-C-100-01,20260329,1634,C,100,1,19907,0,1.0,204.93683252122315,5.801,109.17,513.6608000000006,877.8171999999998,2772.85,19907,325.0499506922395,
20260329-1635-C-300-01,20260329,1635,C,300,1,18540,0,1.0,900.0108104638642,97.771,581.125,1959.4964000000002,2869.5276499999986,11485.297,18540,293.10928990922895,
20260329-1636-C-500-01,20260329,1636,C,500,1,18570,0,1.0,1558.4926325794304,99.862,1045.7235,3671.5611000000004,5227.848349999999,13080.379,18570,293.0320574546077,
20260329-1637-A-100-02,20260329,1637,A,100,2,20291,0,1.0,198.17121975259883,5.031,101.175,579.14,884.0495,2464.744,20291,332.99713603754384,
20260329-1638-A-300-02,20260329,1638,A,300,2,18073,0,1.0,911.934440048691,59.158,557.53,2010.3754000000001,2968.2176,9074.071,18073,290.8955472040919,
20260329-1639-A-500-02,20260329,1639,A,500,2,18684,0,1.0,1590.8953009526917,273.347,1092.682,2908.5795000000007,4175.730549999998,16738.728,18684,284.72476765802156,
20260329-1640-B-100-02,20260329,1640,B,100,2,20075,0,1.0,202.51131626401076,5.133,102.148,539.8580000000002,806.5715999999991,3190.135,20075,324.56508036716417,
20260329-1641-B-300-02,20260329,1641,B,300,2,18606,0,1.0,915.8050567558842,116.711,553.967,1797.3150000000003,2977.6404999999995,9139.992,18606,289.8715867001382,
20260329-1642-B-500-02,20260329,1642,B,500,2,18588,0,1.0,1630.6719758446293,71.672,1046.2965,3762.3815999999997,6537.7316,15475.652,18588,287.0735984860899,
20260329-1644-C-100-02,20260329,1644,C,100,2,20368,0,1.0,200.48999572859387,6.373,100.741,445.1366000000026,902.12505,2868.278,20368,325.54555732606644,
20260329-1645-C-300-02,20260329,1645,C,300,2,18674,0,1.0,883.7736919781532,120.763,577.886,1493.3163,3094.1858999999936,11492.376,18674,301.57030698126056,
20260329-1646-C-500-02,20260329,1646,C,500,2,18059,0,1.0,1636.3065983166339,281.782,1213.93,2847.7738000000004,4087.3348999999985,13072.639,18059,284.64452416298485,
20260329-1647-A-100-03,20260329,1647,A,100,3,20176,0,1.0,199.6196366970645,6.722,104.66300000000001,502.75350000000003,801.9464999999999,2092.794,20176,331.41949634650905,
20260329-1648-A-300-03,20260329,1648,A,300,3,18024,0,1.0,930.8019274300966,87.832,556.7085,2042.5585000000003,2725.68605,9002.161,18024,277.4375056779716,
20260329-1649-A-500-03,20260329,1649,A,500,3,18565,0,1.0,1598.6542212227337,404.531,1157.689,3078.4574000000002,4706.6521999999995,12133.916,18565,287.006225615679,
20260329-1650-B-100-03,20260329,1650,B,100,3,19704,0,1.0,206.54774294559468,7.993,112.8885,495.6889000000001,798.05265,2407.873,19704,323.59084676715435,
20260329-1651-B-300-03,20260329,1651,B,300,3,18200,0,1.0,910.5866718681335,164.813,586.8085000000001,2011.5779000000005,2877.2655499999987,8268.883,18200,288.16205271193263,
20260329-1652-B-500-03,20260329,1652,B,500,3,18156,0,1.0,1615.1279542850727,168.692,1205.1390000000001,2519.7490000000003,4605.08025,15776.667,18156,282.4199111823912,
20260329-1654-C-100-03,20260329,1654,C,100,3,19646,0,1.0,208.19465366995874,6.86,116.222,517.1810000000011,816.7369999999986,2292.52,19646,322.73502673997524,
20260329-1655-C-300-03,20260329,1655,C,300,3,18383,0,1.0,909.879692161233,164.991,636.311,1926.5762000000004,2547.6348,9775.779,18383,287.96973722068304,
20260329-1656-C-500-03,20260329,1656,C,500,3,17912,0,1.0,1679.953357023217,127.443,1217.2255,2985.3409,4100.144799999999,12584.103,17912,275.66144588429705,
20260329-1657-A-100-04,20260329,1657,A,100,4,19999,0,1.0,201.06460293014666,5.949,103.393,592.8156,802.56,2284.178,19999,328.4226869445848,
20260329-1658-A-300-04,20260329,1658,A,300,4,17898,0,1.0,934.6805167616466,178.082,545.844,1816.433,2953.425199999999,14284.572,17898,280.03536537809094,
20260329-1659-A-500-04,20260329,1659,A,500,4,18251,0,1.0,1596.5495887348586,168.929,1119.424,2794.39,5798.2905,15815.292,18251,285.1463321262175,
20260329-1700-B-100-04,20260329,1700,B,100,4,19590,0,1.0,209.0195050535998,5.686,103.0395,493.6441,890.0867499999998,3478.91,19590,321.6166267423158,
20260329-1701-B-300-04,20260329,1701,B,300,4,18038,0,1.0,1003.7044009313662,150.173,620.961,1883.8161000000002,2988.6177,14423.443,18038,260.39807644960115,
20260329-1702-B-500-04,20260329,1702,B,500,4,5574,0,1.0,350841.32318460656,59.793,2009.0265,1003561.2021,1071889.81785,1107426.816,5574,1.3857195612329676,high_p95;very_low_rps
20260329-1841-C-100-04,20260329,1841,C,100,4,3852,0,1.0,60599.71299039454,40.866,333.604,12875.887000000002,965236.355,1085275.775,3852,1.5864746535031864,high_p95;very_low_rps
20260329-1922-C-300-04,20260329,1922,C,300,4,3102,0,1.0,253714.71257382358,258.209,3004.6175,1027556.354,1060472.05185,1074510.114,3102,0.863967006179575,high_p95;very_low_rps
20260329-2040-C-500-04,20260329,2040,C,500,4,4804,0,1.0,365094.06869462895,521.781,10028.324499999999,1075751.1982,1077275.0257,1079475.748,4804,1.3223560534846108,high_p95;very_low_rps
20260329-2149-A-100-05,20260329,2149,A,100,5,3537,19,0.9946569178852643,31128.083211754696,16.789,514.719,10626.773000000003,177939.57875000002,935884.737,3556,3.0410203881543203,high_p95;very_low_rps
20260329-2209-A-300-05,20260329,2209,A,300,5,4721,0,1.0,211969.38975471258,270.362,1836.694,1015580.719,1056177.036,1058481.654,4721,1.3558772040542162,high_p95;very_low_rps
20260329-2307-A-500-05,20260329,2307,A,500,5,5823,0,1.0,302190.8400755623,460.424,8790.559,1050702.6256000001,1083524.5572,1085587.66,5823,1.5899871507494343,high_p95;very_low_rps
20260330-0900-A-700-01,20260330,0900,A,700,1,14953,0,1.0,2731.235416371299,33.652,2076.417,5373.117200000001,6967.266199999999,16499.761,14953,245.5871263402466,
20260330-0901-A-1000-01,20260330,0901,A,1000,1,15485,0,1.0,3832.0747381982396,266.603,3328.557,7007.388800000001,7704.853599999999,11650.114,15485,251.6669297643837,
20260330-0902-B-700-01,20260330,0902,B,700,1,18752,0,1.0,2313.1624518984568,162.916,1955.539,3774.3055000000004,4511.466099999999,10659.137,18752,276.8649795256192,
20260330-0904-B-1000-01,20260330,0904,B,1000,1,17486,0,1.0,3412.1683149948663,522.342,3217.6245,5076.4915,5584.486999999999,8617.494,17486,273.88259862491077,
20260330-0905-C-700-01,20260330,0905,C,700,1,17130,0,1.0,2369.090109865731,87.537,2020.8905,3824.6345,4765.420899999999,9875.047,17130,281.89526430766574,
20260330-0906-C-1000-01,20260330,0906,C,1000,1,14580,0,1.0,4141.5404834704805,631.993,3845.402,6344.5402,7331.3166999999985,12958.97,14580,231.13222323073515,
20260330-0907-A-700-02,20260330,0907,A,700,2,16168,0,1.0,2533.7982450519457,37.973,2163.0945,4032.5741000000003,5137.177499999999,11604.778,16168,263.13164512986987,
20260330-0908-A-1000-02,20260330,0908,A,1000,2,15265,0,1.0,3894.0018616442926,329.366,3373.272,6395.0916,7946.924599999999,13091.223,15265,246.92685256648718,
20260330-0909-B-700-02,20260330,0909,B,700,2,18331,0,1.0,2309.372260705908,182.295,1977.902,3875.659,4717.328999999998,7037.127,18331,286.4519345498818,
20260330-0910-B-1000-02,20260330,0910,B,1000,2,14664,0,1.0,4057.498618316978,437.285,3472.4385,6725.969000000001,8465.74505,14398.661,14664,237.0559704762502,
20260330-0912-C-700-02,20260330,0912,C,700,2,14880,0,1.0,2782.4382444220487,194.224,2484.866,4724.5053,5200.882799999999,9329.804,14880,241.1419236902493,
20260330-0913-C-1000-02,20260330,0913,C,1000,2,16747,0,1.0,3536.205889353302,130.817,3254.682,5231.430600000001,6563.679899999996,11082.545,16747,271.18688201024247,
20260330-0914-A-700-03,20260330,0914,A,700,3,17343,0,1.0,2351.170514097911,247.872,2100.68,3664.7506000000003,4686.066,8872.463,17343,283.2579138517677,
20260330-0915-A-1000-03,20260330,0915,A,1000,3,16168,0,1.0,3686.324958065315,488.606,3321.533,5344.1319,6898.6865,12646.778,16168,260.5318569002027,
20260330-0916-B-700-03,20260330,0916,B,700,3,18569,0,1.0,2393.248111529957,227.491,1933.856,3676.8182,4908.242599999999,12653.467,18569,271.5514793764556,
20260330-0917-B-1000-03,20260330,0917,B,1000,3,16154,0,1.0,3701.3948240683417,356.756,3313.3275,5809.85,6747.478249999998,10268.748,16154,258.78479791661096,
20260330-0919-C-700-03,20260330,0919,C,700,3,18847,0,1.0,2286.4621315328764,168.664,1944.986,3521.8628000000003,5081.820999999999,10622.983,18847,279.82297169768884,
20260330-0920-C-1000-03,20260330,0920,C,1000,3,18080,0,1.0,3579.538709955735,270.536,3030.8605,5088.5173,8264.89099999999,11514.828,18080,265.41779763446095,
20260330-0921-A-700-04,20260330,0921,A,700,4,18851,0,1.0,2262.4230899156564,66.826,1889.729,3587.232,4820.5345,8123.55,18851,281.4123451300953,
20260330-0922-A-1000-04,20260330,0922,A,1000,4,17595,0,1.0,3462.704408468291,471.625,3301.593,4746.627000000001,5435.861899999999,8718.463,17595,269.01259306123336,
20260330-0923-B-700-04,20260330,0923,B,700,4,15325,0,1.0,2745.2821286133644,371.41,2390.016,4227.669400000001,5602.874999999999,12050.657,15325,241.85445632814748,
20260330-0924-B-1000-04,20260330,0924,B,1000,4,2909,0,1.0,23136.748711928463,1257.241,28294.29,34252.288,35445.505000000005,39178.188,2909,42.08339754704281,high_p95;very_low_rps
20260330-0926-C-700-04,20260330,0926,C,700,4,3650,150,0.9605263157894737,10302.47518078949,559.112,4100.415999999999,25584.620100000004,40739.35604999998,60011.185,3800,42.2072775631766,high_p95;very_low_rps
20260330-0927-C-1000-04,20260330,0927,C,1000,4,9119,0,1.0,6989.142072486005,657.096,6212.874,11695.3924,14589.3159,24336.126,9119,138.2904701624245,high_p95
20260330-0929-A-700-05,20260330,0929,A,700,5,14258,0,1.0,2914.3175141674833,478.822,2602.6225000000004,4782.255000000001,5747.716100000001,10110.717,14258,228.8036884091739,
20260330-0930-A-1000-05,20260330,0930,A,1000,5,7724,0,1.0,8079.06600440188,701.759,7120.802,14039.683500000001,15138.63045,23619.058,7724,119.97180072454022,high_p95
20260330-0931-B-700-05,20260330,0931,B,700,5,16325,0,1.0,2502.9719530781013,177.303,2231.507,3924.0458000000003,5383.3214,10502.891,16325,266.6997978881133,
20260330-0932-B-1000-05,20260330,0932,B,1000,5,12514,24,0.9980858191099059,4755.18287446165,90.387,4185.5765,7456.394200000002,11250.575449999997,16460.476,12538,203.5598160064743,high_p95
20260330-0933-C-700-05,20260330,0933,C,700,5,17558,0,1.0,2320.665123191714,315.301,1989.42,3698.1280000000006,4672.741749999999,8812.804,17558,285.799514456608,
20260330-0934-C-1000-05,20260330,0934,C,1000,5,12167,57,0.9953370418848168,4935.654781331811,2.886,4723.463,7222.894600000001,8711.880149999999,14855.384,12224,195.57473758042818,
20260330-0936-A-700-06,20260330,0936,A,700,6,10825,0,1.0,3860.8878301154555,538.397,2428.259,8831.756,12100.443799999997,17096.858,10825,174.00067314551407,high_p95
20260330-0937-A-1000-06,20260330,0937,A,1000,6,15446,0,1.0,3847.648678428081,89.527,3349.357,6291.577500000001,7840.991749999997,14108.974,15446,249.05766518581143,
20260330-0938-B-700-06,20260330,0938,B,700,6,18539,0,1.0,2304.813547925988,254.486,1790.312,3091.5702,4519.518499999999,13681.852,18539,282.3485434758198,
20260330-0939-B-1000-06,20260330,0939,B,1000,6,15851,132,0.9917412250516173,3709.1540346618413,10.991,3598.088,5372.3622000000005,5946.7427,8953.509,15983,259.7520158896791,
20260330-0940-C-700-06,20260330,0940,C,700,6,18503,0,1.0,2304.7873968005206,76.078,1968.079,3728.474800000001,5073.7017,9006.013,18503,284.1902504666377,
20260330-0941-C-1000-06,20260330,0941,C,1000,6,16059,0,1.0,3716.8829432094412,640.706,3266.225,5763.071800000001,6795.3319999999985,12502.61,16059,257.46800712708125,
20260330-0942-A-700-07,20260330,0942,A,700,7,18778,0,1.0,2354.8754768345902,267.646,1976.352,3367.3783000000008,4384.95115,10523.128,18778,281.66678336533397,
20260330-0944-A-1000-07,20260330,0944,A,1000,7,10962,0,1.0,5542.300630359391,821.945,5184.323,8352.655200000001,10137.846349999996,14329.062,10962,174.35444043716234,high_p95
20260330-0945-B-700-07,20260330,0945,B,700,7,11196,0,1.0,3704.776204180067,850.111,2828.143,7091.910500000001,8283.532749999998,11414.479,11196,181.18859719761636,
20260330-0946-B-1000-07,20260330,0946,B,1000,7,12009,4,0.9996670273869974,4983.632041538342,120.962,4204.598,8703.253999999999,10591.786399999999,16089.227,12013,194.0989115967758,high_p95
20260330-0947-C-700-07,20260330,0947,C,700,7,15109,0,1.0,2730.7911013965236,178.158,2490.339,3985.6588000000006,5593.4742,10393.914,15109,244.91331148343713,
20260330-0948-C-1000-07,20260330,0948,C,1000,7,14207,0,1.0,4175.377575702112,506.248,3801.762,6374.5214000000005,7275.5118999999995,12302.081,14207,231.4068987271578,
20260330-0949-A-700-08,20260330,0949,A,700,8,13055,0,1.0,3230.655519877429,229.577,2772.511,5612.9198,6292.9478,10786.128,13055,205.947475994972,
20260330-0950-A-1000-08,20260330,0950,A,1000,8,12527,0,1.0,4770.864043506002,951.937,4220.515,8113.634,9283.046199999997,13884.853,12527,202.15856025148932,
20260330-0952-B-700-08,20260330,0952,B,700,8,17427,0,1.0,2337.969888276811,145.725,2107.534,3466.1844000000006,4139.692099999999,7467.069,17427,282.4915034119355,
20260330-0953-B-1000-08,20260330,0953,B,1000,8,14977,0,1.0,3968.4443784469504,387.144,3624.268,5924.1344,7009.472399999999,11517.59,14977,241.03768162338983,
20260330-0954-C-700-08,20260330,0954,C,700,8,16361,0,1.0,2527.044927510528,279.11,2260.567,4055.802,5090.766,9808.068,16361,261.58256701600357,
20260330-0955-C-1000-08,20260330,0955,C,1000,8,16300,0,1.0,3644.4258355828083,700.784,3378.4155,5255.3869,6349.631999999999,9944.848,16300,262.88311524813514,
20260330-0956-A-700-09,20260330,0956,A,700,9,16995,0,1.0,2392.474612709619,348.522,2171.258,3699.0012,4477.5125,7222.939,16995,277.37548766144226,
20260330-0957-A-1000-09,20260330,0957,A,1000,9,15046,0,1.0,3959.6266040143514,983.01,3648.8015,5617.954000000001,6785.090999999999,13480.029,15046,243.69157328112206,
20260330-0958-B-700-09,20260330,0958,B,700,9,14533,0,1.0,2884.026056767365,145.105,2646.062,4630.695200000001,5417.920199999999,8084.411,14533,231.64838106106083,
20260330-1000-B-1000-09,20260330,1000,B,1000,9,16571,0,1.0,3629.699333594839,50.215,3399.139,5229.015,5998.4245,9354.241,16571,261.57320140484586,
20260330-1001-C-700-09,20260330,1001,C,700,9,17291,0,1.0,2358.6802525591365,63.247,1952.516,3958.74,4914.3364999999985,8741.429,17291,281.39843712632745,
20260330-1002-C-1000-09,20260330,1002,C,1000,9,16058,0,1.0,3737.1604074604397,509.868,3458.4305000000004,5945.745100000002,6901.958649999999,12331.884,16058,257.50568206701274,
20260330-1003-A-700-10,20260330,1003,A,700,10,18506,0,1.0,2369.4551819950484,271.227,1980.8405,3447.5575,5456.804999999999,10654.021,18506,276.4400302073397,
20260330-1004-A-1000-10,20260330,1004,A,1000,10,16329,0,1.0,3635.748561148862,435.851,3412.394,5196.9206,5892.817599999999,8468.117,16329,264.47854416393244,
20260330-1005-B-700-10,20260330,1005,B,700,10,18468,0,1.0,2355.4762405241586,440.185,2103.4385,3140.2755000000006,4085.4609499999974,10615.173,18468,279.3649080221143,
20260330-1007-B-1000-10,20260330,1007,B,1000,10,16190,0,1.0,3680.949681161225,643.286,3513.884,5095.0717,5737.826949999999,8431.749,16190,260.75935540222923,
20260330-1008-C-700-10,20260330,1008,C,700,10,18458,0,1.0,2384.1866769964045,188.221,1985.068,3630.1771000000003,5386.861449999999,12105.527,18458,273.82038163274353,
20260330-1009-C-1000-10,20260330,1009,C,1000,10,17151,46,0.9973251148456126,3468.6436926208166,97.788,3307.082,4946.3374,5972.600399999999,8780.971,17197,273.5953431803899,
